"split","model","n_patients","multiclass_logloss","accuracy","balanced_accuracy","macro_f1","aggregation"
"test","Categorical EM-MMIL",12,0.990445828540349,0.833333333333333,0.666666666666667,0.916666666666667,"q99_prob"
"test","Categorical MCEM-MMIL",12,0.985242108577301,0.833333333333333,0.666666666666667,0.916666666666667,"q99_prob"
"test","Naive inherited-label classifier",12,0.722715104559122,0.75,0.6,0.816666666666667,"median_prob"
