"split","model","n_patients","multiclass_logloss","accuracy","balanced_accuracy","macro_f1","aggregation"
"test","Categorical EM-MMIL",12,0.824963074167877,0.833333333333333,0.666666666666667,0.909090909090909,"mean_prob"
"test","Categorical MCEM-MMIL",12,0.826523961626557,0.833333333333333,0.666666666666667,0.909090909090909,"mean_prob"
"test","Naive inherited-label classifier",12,0.715851127662467,0.833333333333333,0.666666666666667,0.909090909090909,"median_prob"
