"split","model","n_patients","multiclass_logloss","accuracy","balanced_accuracy","macro_f1","aggregation"
"test","Categorical EM-MMIL",12,1.08453672630311,0.416666666666667,0.533333333333333,0.421957671957672,"q99_prob"
"test","Categorical MCEM-MMIL",12,1.08873406698489,0.416666666666667,0.533333333333333,0.421957671957672,"q99_prob"
"test","Naive inherited-label classifier",12,1.0872393135254,0.5,0.6,0.484126984126984,"q99_prob"
