"split","model","n_patients","multiclass_logloss","accuracy","balanced_accuracy","macro_f1","aggregation"
"test","Categorical EM-MMIL",12,1.09839612277035,0.333333333333333,0.366666666666667,0.340740740740741,"q99_prob"
"test","Categorical MCEM-MMIL",12,1.08625579106442,0.5,0.5,0.481818181818182,"q99_prob"
"test","Naive inherited-label classifier",12,1.08937353738357,0.333333333333333,0.266666666666667,0.415584415584416,"q99_prob"
