"split","model","n_patients","multiclass_logloss","accuracy","balanced_accuracy","macro_f1","aggregation"
"test","Categorical EM-MMIL",12,0.856924521007115,0.833333333333333,0.666666666666667,0.909090909090909,"mean_prob"
"test","Categorical MCEM-MMIL",12,0.853115811605856,0.833333333333333,0.666666666666667,0.909090909090909,"mean_prob"
"test","Naive inherited-label classifier",12,0.755902820659435,0.833333333333333,0.666666666666667,0.916666666666667,"median_prob"
