"split","model","n_patients","multiclass_logloss","accuracy","balanced_accuracy","macro_f1","aggregation"
"test","Categorical EM-MMIL",12,0.953318068568608,0.833333333333333,0.666666666666667,0.916666666666667,"median_prob"
"test","Categorical MCEM-MMIL",12,0.949750858429628,0.833333333333333,0.666666666666667,0.909090909090909,"median_prob"
"test","Naive inherited-label classifier",12,0.758374443242949,0.833333333333333,0.666666666666667,0.909090909090909,"median_prob"
