"split","model","n_patients","multiclass_logloss","accuracy","balanced_accuracy","macro_f1","aggregation"
"test","Categorical EM-MMIL",12,0.821474561728081,0.833333333333333,0.666666666666667,0.909090909090909,"mean_prob"
"test","Categorical MCEM-MMIL",12,0.822155839842806,0.833333333333333,0.666666666666667,0.909090909090909,"mean_prob"
"test","Naive inherited-label classifier",12,0.713911152574288,0.833333333333333,0.666666666666667,0.909090909090909,"median_prob"
