"split","model","n_patients","multiclass_logloss","accuracy","balanced_accuracy","macro_f1","aggregation"
"test","Categorical EM-MMIL",12,0.821235433207828,0.833333333333333,0.666666666666667,0.909090909090909,"mean_prob"
"test","Categorical MCEM-MMIL",12,0.822203458824177,0.833333333333333,0.666666666666667,0.909090909090909,"mean_prob"
"test","Naive inherited-label classifier",12,0.714968369837947,0.833333333333333,0.666666666666667,0.909090909090909,"median_prob"
